{"cameraMode":{"drawMode":0,"name":"Shaded","section":"Shading Mode"},"sceneLighting":false,"audioPlay":false,"sceneViewState":{"m_AlwaysRefresh":false,"showFog":false,"showSkybox":false,"showFlares":false,"showImageEffects":false,"showParticleSystems":false,"showVisualEffectGraphs":true,"m_FxEnabled":true},"in2DMode":false,"pivot":{"x":-0.7781243920326233,"y":1.3970632553100587,"z":0.018002206459641458},"rotation":{"x":-0.08884821087121964,"y":0.8986339569091797,"z":-0.21449832618236543,"w":-0.3722262382507324},"size":0.0291556715965271,"orthographic":false}